罪種,認知件数_2025,認知件数_2024,増減,増減率
刑法犯総数,,709385.0,678008.0,31377.0
凶悪犯,,6688.0,6442.0,246.0
凶悪犯,,919.0,897.0,22.0
凶悪犯,,1320.0,1257.0,63.0
凶悪犯,,630.0,679.0,-49.0
凶悪犯,,3819.0,3609.0,210.0
粗暴犯,,56541.0,53053.0,3488.0
粗暴犯,,22.0,13.0,9.0
粗暴犯,,28579.0,26943.0,1636.0
粗暴犯,,21344.0,20371.0,973.0
粗暴犯,,45.0,62.0,-17.0
粗暴犯,,4731.0,4184.0,547.0
粗暴犯,,1865.0,1542.0,323.0
窃盗犯,,472771.0,461820.0,10951.0
窃盗犯,,43770.0,39299.0,4471.0
窃盗犯,,178646.0,177432.0,1214.0
窃盗犯,,250355.0,245089.0,5266.0
知能犯,,69370.0,55964.0,13406.0
知能犯,,64872.0,51710.0,13162.0
知能犯,,2296.0,2146.0,150.0
知能犯,,1995.0,1916.0,79.0
知能犯,,281.0,276.0,5.0
知能犯,,1584.0,1551.0,33.0
知能犯,,4.0,11.0,-7.0
知能犯,,90.0,35.0,55.0
知能犯,,72.0,95.0,-23.0
知能犯,,33.0,30.0,3.0
知能犯,,0.0,0.0,0.0
知能犯,,135.0,97.0,38.0
風俗犯,,18540.0,17050.0,1490.0
風俗犯,,328.0,240.0,88.0
風俗犯,,9049.0,9108.0,-59.0
風俗犯,,6564.0,6481.0,83.0
風俗犯,,2101.0,2145.0,-44.0
風俗犯,,144.0,139.0,5.0
風俗犯,,9163.0,7702.0,1461.0
その他の刑法犯,,85475.0,83679.0,1796.0
その他の刑法犯,,13527.0,13183.0,344.0
その他の刑法犯,,2014.0,1955.0,59.0
その他の刑法犯,,10022.0,9431.0,591.0
その他の刑法犯,,323.0,268.0,55.0
その他の刑法犯,,553.0,545.0,8.0
その他の刑法犯,,997.0,886.0,111.0
その他の刑法犯,,48643.0,49501.0,-858.0
第２表,,,,
窃盗総数,,472771.0,461820.0,10951.0
侵入盗,,43770.0,39299.0,4471.0
侵入盗,,10736.0,10080.0,656.0
侵入盗,,4537.0,3755.0,782.0
侵入盗,,651.0,763.0,-112.0
侵入盗,,5.0,8.0,-3.0
侵入盗,,684.0,692.0,-8.0
侵入盗,,158.0,248.0,-90.0
侵入盗,,56.0,61.0,-5.0
侵入盗,,463.0,284.0,179.0
侵入盗,,172.0,208.0,-36.0
侵入盗,,65.0,48.0,17.0
侵入盗,,2437.0,2700.0,-263.0
侵入盗,,3812.0,4017.0,-205.0
侵入盗,,513.0,558.0,-45.0
侵入盗,,594.0,451.0,143.0
侵入盗,,3747.0,3967.0,-220.0
侵入盗,,15140.0,11459.0,3681.0
乗り物盗,,178646.0,177432.0,1214.0
乗り物盗,,6012.0,5574.0,438.0
乗り物盗,,13348.0,10668.0,2680.0
乗り物盗,,159286.0,161190.0,-1904.0
非侵入盗,,250355.0,245089.0,5266.0
非侵入盗,,1038.0,1095.0,-57.0
非侵入盗,,1.0,5.0,-4.0
非侵入盗,,3.0,21.0,-18.0
非侵入盗,,677.0,765.0,-88.0
非侵入盗,,778.0,915.0,-137.0
非侵入盗,,6834.0,7145.0,-311.0
非侵入盗,,6.0,1.0,5.0
非侵入盗,,3.0,3.0,0.0
非侵入盗,,6.0,2.0,4.0
非侵入盗,,280.0,314.0,-34.0
非侵入盗,,119.0,134.0,-15.0
非侵入盗,,359.0,348.0,11.0
非侵入盗,,439.0,523.0,-84.0
非侵入盗,,1432.0,1302.0,130.0
非侵入盗,,9275.0,9329.0,-54.0
非侵入盗,,3109.0,2890.0,219.0
非侵入盗,,20776.0,21289.0,-513.0
非侵入盗,,14077.0,13562.0,515.0
非侵入盗,,1419.0,1404.0,15.0
非侵入盗,,2569.0,2239.0,330.0
非侵入盗,,3654.0,3760.0,-106.0
非侵入盗,,4643.0,5038.0,-395.0
非侵入盗,,96231.0,90052.0,6179.0
非侵入盗,,8541.0,8287.0,254.0
非侵入盗,,655.0,629.0,26.0
非侵入盗,,2705.0,2568.0,137.0
非侵入盗,,70726.0,71469.0,-743.0
第３表,,,,
総数,,709385.0,678008.0,31377.0
北海道,,22534.0,21118.0,1416.0
北海道,,16547.0,15473.0,1074.0
北海道,,1591.0,1527.0,64.0
北海道,,1839.0,1720.0,119.0
北海道,,1861.0,1709.0,152.0
北海道,,696.0,689.0,7.0
東北,,31071.0,31132.0,-61.0
東北,,4306.0,4083.0,223.0
東北,,3074.0,3135.0,-61.0
東北,,10351.0,10542.0,-191.0
東北,,2422.0,2367.0,55.0
東北,,2973.0,2844.0,129.0
東北,,7945.0,8161.0,-216.0
東京都,,90334.0,86619.0,3715.0
関東,,210617.0,202265.0,8352.0
関東,,17665.0,19485.0,-1820.0
関東,,11679.0,11143.0,536.0
関東,,14198.0,13382.0,816.0
関東,,49066.0,47212.0,1854.0
関東,,36561.0,35361.0,1200.0
関東,,45750.0,41741.0,4009.0
関東,,8917.0,8782.0,135.0
関東,,2993.0,3159.0,-166.0
関東,,7406.0,7064.0,342.0
関東,,16382.0,14936.0,1446.0
中部,,86321.0,80360.0,5961.0
中部,,4920.0,4582.0,338.0
中部,,4849.0,5006.0,-157.0
中部,,2931.0,2634.0,297.0
中部,,11893.0,11067.0,826.0
中部,,51944.0,46965.0,4979.0
中部,,9784.0,10106.0,-322.0
近畿,,142211.0,137674.0,4537.0
近畿,,7830.0,7414.0,416.0
近畿,,11284.0,11033.0,251.0
近畿,,77279.0,75117.0,2162.0
近畿,,36487.0,34660.0,1827.0
近畿,,5726.0,5700.0,26.0
近畿,,3605.0,3750.0,-145.0
中国,,32228.0,30827.0,1401.0
中国,,2733.0,2055.0,678.0
中国,,1980.0,1930.0,50.0
中国,,9454.0,8897.0,557.0
中国,,13563.0,13531.0,32.0
中国,,4498.0,4414.0,84.0
四国,,18443.0,17799.0,644.0
四国,,2943.0,2714.0,229.0
四国,,5801.0,5445.0,356.0
四国,,6397.0,6417.0,-20.0
四国,,3302.0,3223.0,79.0
九州,,75626.0,70214.0,5412.0
九州,,35599.0,34110.0,1489.0
九州,,3843.0,3631.0,212.0
九州,,3802.0,3705.0,97.0
九州,,6849.0,6224.0,625.0
九州,,3840.0,3124.0,716.0
九州,,4377.0,3952.0,425.0
九州,,7695.0,6658.0,1037.0
九州,,9621.0,8810.0,811.0
第４表,,,,
総数,,472771.0,461820.0,10951.0
北海道,,14154.0,13361.0,793.0
北海道,,10851.0,10239.0,612.0
北海道,,995.0,922.0,73.0
北海道,,1021.0,985.0,36.0
北海道,,976.0,896.0,80.0
北海道,,311.0,319.0,-8.0
東北,,20050.0,20303.0,-253.0
東北,,2529.0,2482.0,47.0
東北,,1882.0,2142.0,-260.0
東北,,6642.0,6592.0,50.0
東北,,1544.0,1481.0,63.0
東北,,1917.0,1691.0,226.0
東北,,5536.0,5915.0,-379.0
東京都,,56987.0,56708.0,279.0
関東,,151094.0,148169.0,2925.0
関東,,12993.0,15241.0,-2248.0
関東,,9010.0,8638.0,372.0
関東,,10731.0,10068.0,663.0
関東,,35287.0,34720.0,567.0
関東,,27068.0,26765.0,303.0
関東,,32389.0,29879.0,2510.0
関東,,5879.0,5858.0,21.0
関東,,2208.0,2422.0,-214.0
関東,,4803.0,4866.0,-63.0
関東,,10726.0,9712.0,1014.0
中部,,56979.0,53710.0,3269.0
中部,,3360.0,3129.0,231.0
中部,,3186.0,3514.0,-328.0
中部,,1914.0,1854.0,60.0
中部,,7840.0,7097.0,743.0
中部,,34152.0,31343.0,2809.0
中部,,6527.0,6773.0,-246.0
近畿,,93092.0,91770.0,1322.0
近畿,,4589.0,4453.0,136.0
近畿,,7624.0,7581.0,43.0
近畿,,53963.0,53544.0,419.0
近畿,,21332.0,20543.0,789.0
近畿,,3572.0,3429.0,143.0
近畿,,2012.0,2220.0,-208.0
中国,,20612.0,20548.0,64.0
中国,,1728.0,1382.0,346.0
中国,,1145.0,1204.0,-59.0
中国,,6432.0,6237.0,195.0
中国,,8466.0,8844.0,-378.0
中国,,2841.0,2881.0,-40.0
四国,,11638.0,11474.0,164.0
四国,,1974.0,1935.0,39.0
四国,,3146.0,2949.0,197.0
四国,,4351.0,4361.0,-10.0
四国,,2167.0,2229.0,-62.0
九州,,48165.0,45777.0,2388.0
九州,,23745.0,23057.0,688.0
九州,,2262.0,2305.0,-43.0
九州,,1944.0,1989.0,-45.0
九州,,4301.0,4076.0,225.0
九州,,2495.0,2060.0,435.0
九州,,3067.0,2692.0,375.0
九州,,4506.0,4125.0,381.0
九州,,5845.0,5473.0,372.0
重要犯罪,,13805.0,13468.0,337.0
重要犯罪,,919.0,897.0,22.0
重要犯罪,,1320.0,1257.0,63.0
重要犯罪,,630.0,679.0,-49.0
重要犯罪,,3819.0,3609.0,210.0
重要犯罪,,553.0,545.0,8.0
重要犯罪,,6564.0,6481.0,83.0
重要窃盗犯,,51653.0,46698.0,4955.0
重要窃盗犯,,43770.0,39299.0,4471.0
重要窃盗犯,,15924.0,14598.0,1326.0
重要窃盗犯,,27846.0,24701.0,3145.0
重要窃盗犯,,6012.0,5574.0,438.0
重要窃盗犯,,439.0,523.0,-84.0
重要窃盗犯,,1432.0,1302.0,130.0
重要犯罪,,10710.0,10184.0,526.0
重要犯罪,,801.0,845.0,-44.0
重要犯罪,,1641.0,1572.0,69.0
重要犯罪,,453.0,463.0,-10.0
重要犯罪,,3064.0,2805.0,259.0
重要犯罪,,497.0,447.0,50.0
重要犯罪,,4254.0,4052.0,202.0
重要窃盗犯,,6088.0,5988.0,100.0
重要窃盗犯,,4877.0,4846.0,31.0
重要窃盗犯,,1676.0,1686.0,-10.0
重要窃盗犯,,3201.0,3160.0,41.0
重要窃盗犯,,709.0,566.0,143.0
重要窃盗犯,,202.0,232.0,-30.0
重要窃盗犯,,300.0,344.0,-44.0
注　侵入盗の「住宅対象」とは、空き巣、忍込み及び居空きをいう。,,,,
第６表,,,,
総数,,13805.0,13468.0,337.0
北海道,,508.0,473.0,35.0
北海道,,345.0,315.0,30.0
北海道,,32.0,35.0,-3.0
北海道,,43.0,41.0,2.0
北海道,,59.0,50.0,9.0
北海道,,29.0,32.0,-3.0
東北,,760.0,899.0,-139.0
東北,,137.0,168.0,-31.0
東北,,92.0,111.0,-19.0
東北,,282.0,334.0,-52.0
東北,,45.0,57.0,-12.0
東北,,58.0,64.0,-6.0
東北,,146.0,165.0,-19.0
東京都,,1875.0,1753.0,122.0
関東,,3625.0,3547.0,78.0
関東,,220.0,229.0,-9.0
関東,,149.0,113.0,36.0
関東,,164.0,160.0,4.0
関東,,1076.0,1065.0,11.0
関東,,582.0,596.0,-14.0
関東,,741.0,775.0,-34.0
関東,,156.0,134.0,22.0
関東,,56.0,52.0,4.0
関東,,111.0,109.0,2.0
関東,,370.0,314.0,56.0
中部,,1483.0,1390.0,93.0
中部,,82.0,80.0,2.0
中部,,88.0,99.0,-11.0
中部,,50.0,69.0,-19.0
中部,,152.0,152.0,0.0
中部,,978.0,879.0,99.0
中部,,133.0,111.0,22.0
近畿,,3149.0,3090.0,59.0
近畿,,195.0,186.0,9.0
近畿,,248.0,248.0,0.0
近畿,,1712.0,1635.0,77.0
近畿,,816.0,863.0,-47.0
近畿,,102.0,86.0,16.0
近畿,,76.0,72.0,4.0
中国,,703.0,577.0,126.0
中国,,57.0,61.0,-4.0
中国,,50.0,43.0,7.0
中国,,206.0,138.0,68.0
中国,,303.0,281.0,22.0
中国,,87.0,54.0,33.0
四国,,280.0,306.0,-26.0
四国,,34.0,53.0,-19.0
四国,,98.0,97.0,1.0
四国,,80.0,88.0,-8.0
四国,,68.0,68.0,0.0
九州,,1422.0,1433.0,-11.0
九州,,529.0,571.0,-42.0
九州,,93.0,91.0,2.0
九州,,103.0,87.0,16.0
九州,,203.0,163.0,40.0
九州,,57.0,60.0,-3.0
九州,,80.0,105.0,-25.0
九州,,176.0,181.0,-5.0
九州,,181.0,175.0,6.0
第６表,,,,
総数,,919.0,897.0,22.0
北海道,,31.0,46.0,-15.0
北海道,,20.0,25.0,-5.0
北海道,,3.0,2.0,1.0
北海道,,4.0,8.0,-4.0
北海道,,3.0,6.0,-3.0
北海道,,1.0,5.0,-4.0
東北,,56.0,49.0,7.0
東北,,8.0,5.0,3.0
東北,,7.0,7.0,0.0
東北,,17.0,17.0,0.0
東北,,7.0,5.0,2.0
東北,,2.0,4.0,-2.0
東北,,15.0,11.0,4.0
東京都,,107.0,87.0,20.0
関東,,287.0,255.0,32.0
関東,,19.0,20.0,-1.0
関東,,12.0,10.0,2.0
関東,,16.0,16.0,0.0
関東,,81.0,57.0,24.0
関東,,43.0,35.0,8.0
関東,,57.0,59.0,-2.0
関東,,20.0,7.0,13.0
関東,,4.0,5.0,-1.0
関東,,7.0,7.0,0.0
関東,,28.0,39.0,-11.0
中部,,73.0,81.0,-8.0
中部,,7.0,3.0,4.0
中部,,2.0,2.0,0.0
中部,,1.0,4.0,-3.0
中部,,14.0,7.0,7.0
中部,,39.0,57.0,-18.0
中部,,10.0,8.0,2.0
近畿,,240.0,221.0,19.0
近畿,,17.0,15.0,2.0
近畿,,6.0,7.0,-1.0
近畿,,154.0,135.0,19.0
近畿,,51.0,51.0,0.0
近畿,,9.0,5.0,4.0
近畿,,3.0,8.0,-5.0
中国,,43.0,36.0,7.0
中国,,1.0,2.0,-1.0
中国,,2.0,3.0,-1.0
中国,,9.0,7.0,2.0
中国,,26.0,21.0,5.0
中国,,5.0,3.0,2.0
四国,,18.0,33.0,-15.0
四国,,4.0,5.0,-1.0
四国,,1.0,14.0,-13.0
四国,,9.0,7.0,2.0
四国,,4.0,7.0,-3.0
九州,,64.0,89.0,-25.0
九州,,34.0,33.0,1.0
九州,,3.0,7.0,-4.0
九州,,2.0,5.0,-3.0
九州,,2.0,9.0,-7.0
九州,,3.0,4.0,-1.0
九州,,5.0,5.0,0.0
九州,,3.0,10.0,-7.0
九州,,12.0,16.0,-4.0
第６表,,,,
総数,,1320.0,1257.0,63.0
北海道,,40.0,41.0,-1.0
北海道,,27.0,30.0,-3.0
北海道,,2.0,3.0,-1.0
北海道,,5.0,6.0,-1.0
北海道,,5.0,2.0,3.0
北海道,,1.0,0.0,1.0
東北,,37.0,48.0,-11.0
東北,,3.0,2.0,1.0
東北,,5.0,8.0,-3.0
東北,,14.0,24.0,-10.0
東北,,2.0,1.0,1.0
東北,,2.0,3.0,-1.0
東北,,11.0,10.0,1.0
東京都,,239.0,252.0,-13.0
関東,,410.0,379.0,31.0
関東,,25.0,30.0,-5.0
関東,,13.0,21.0,-8.0
関東,,16.0,11.0,5.0
関東,,124.0,100.0,24.0
関東,,77.0,67.0,10.0
関東,,87.0,99.0,-12.0
関東,,13.0,7.0,6.0
関東,,3.0,6.0,-3.0
関東,,14.0,8.0,6.0
関東,,38.0,30.0,8.0
中部,,113.0,112.0,1.0
中部,,4.0,3.0,1.0
中部,,6.0,5.0,1.0
中部,,1.0,4.0,-3.0
中部,,10.0,6.0,4.0
中部,,85.0,85.0,0.0
中部,,7.0,9.0,-2.0
近畿,,323.0,285.0,38.0
近畿,,12.0,7.0,5.0
近畿,,21.0,20.0,1.0
近畿,,202.0,182.0,20.0
近畿,,78.0,67.0,11.0
近畿,,7.0,7.0,0.0
近畿,,3.0,2.0,1.0
中国,,41.0,45.0,-4.0
中国,,1.0,3.0,-2.0
中国,,1.0,2.0,-1.0
中国,,9.0,8.0,1.0
中国,,23.0,24.0,-1.0
中国,,7.0,8.0,-1.0
四国,,26.0,13.0,13.0
四国,,3.0,2.0,1.0
四国,,8.0,6.0,2.0
四国,,7.0,3.0,4.0
四国,,8.0,2.0,6.0
九州,,91.0,82.0,9.0
九州,,40.0,47.0,-7.0
九州,,10.0,2.0,8.0
九州,,3.0,2.0,1.0
九州,,10.0,5.0,5.0
九州,,2.0,3.0,-1.0
九州,,1.0,4.0,-3.0
九州,,10.0,10.0,0.0
九州,,15.0,9.0,6.0
第６表,,,,
総数,,316.0,329.0,-13.0
北海道,,14.0,12.0,2.0
北海道,,10.0,6.0,4.0
北海道,,0.0,0.0,0.0
北海道,,4.0,4.0,0.0
北海道,,0.0,2.0,-2.0
北海道,,0.0,0.0,0.0
東北,,10.0,19.0,-9.0
東北,,0.0,1.0,-1.0
東北,,2.0,4.0,-2.0
東北,,1.0,7.0,-6.0
東北,,2.0,1.0,1.0
東北,,0.0,3.0,-3.0
東北,,5.0,3.0,2.0
東京都,,38.0,65.0,-27.0
関東,,104.0,103.0,1.0
関東,,10.0,15.0,-5.0
関東,,6.0,8.0,-2.0
関東,,8.0,5.0,3.0
関東,,24.0,17.0,7.0
関東,,17.0,17.0,0.0
関東,,22.0,29.0,-7.0
関東,,5.0,3.0,2.0
関東,,0.0,4.0,-4.0
関東,,2.0,1.0,1.0
関東,,10.0,4.0,6.0
中部,,31.0,31.0,0.0
中部,,0.0,1.0,-1.0
中部,,2.0,1.0,1.0
中部,,0.0,2.0,-2.0
中部,,1.0,2.0,-1.0
中部,,24.0,20.0,4.0
中部,,4.0,5.0,-1.0
近畿,,71.0,53.0,18.0
近畿,,1.0,3.0,-2.0
近畿,,10.0,5.0,5.0
近畿,,40.0,30.0,10.0
近畿,,17.0,11.0,6.0
近畿,,1.0,2.0,-1.0
近畿,,2.0,2.0,0.0
中国,,11.0,10.0,1.0
中国,,1.0,0.0,1.0
中国,,0.0,1.0,-1.0
中国,,5.0,2.0,3.0
中国,,5.0,5.0,0.0
中国,,0.0,2.0,-2.0
四国,,12.0,7.0,5.0
四国,,1.0,1.0,0.0
四国,,2.0,3.0,-1.0
四国,,7.0,2.0,5.0
四国,,2.0,1.0,1.0
九州,,25.0,29.0,-4.0
九州,,11.0,19.0,-8.0
九州,,3.0,1.0,2.0
九州,,2.0,0.0,2.0
九州,,3.0,1.0,2.0
九州,,0.0,2.0,-2.0
九州,,0.0,1.0,-1.0
九州,,2.0,1.0,1.0
九州,,4.0,4.0,0.0
第６表,,,,
総数,,630.0,679.0,-49.0
北海道,,27.0,25.0,2.0
北海道,,17.0,15.0,2.0
北海道,,3.0,5.0,-2.0
北海道,,2.0,1.0,1.0
北海道,,3.0,2.0,1.0
北海道,,2.0,2.0,0.0
東北,,38.0,57.0,-19.0
東北,,8.0,9.0,-1.0
東北,,7.0,10.0,-3.0
東北,,5.0,12.0,-7.0
東北,,4.0,7.0,-3.0
東北,,6.0,9.0,-3.0
東北,,8.0,10.0,-2.0
東京都,,38.0,59.0,-21.0
関東,,176.0,163.0,13.0
関東,,5.0,15.0,-10.0
関東,,18.0,12.0,6.0
関東,,13.0,9.0,4.0
関東,,50.0,38.0,12.0
関東,,26.0,31.0,-5.0
関東,,25.0,31.0,-6.0
関東,,6.0,7.0,-1.0
関東,,3.0,3.0,0.0
関東,,7.0,5.0,2.0
関東,,23.0,12.0,11.0
中部,,52.0,67.0,-15.0
中部,,8.0,3.0,5.0
中部,,0.0,9.0,-9.0
中部,,4.0,3.0,1.0
中部,,4.0,12.0,-8.0
中部,,28.0,38.0,-10.0
中部,,8.0,2.0,6.0
近畿,,182.0,188.0,-6.0
近畿,,7.0,7.0,0.0
近畿,,9.0,14.0,-5.0
近畿,,131.0,124.0,7.0
近畿,,29.0,37.0,-8.0
近畿,,3.0,4.0,-1.0
近畿,,3.0,2.0,1.0
中国,,41.0,34.0,7.0
中国,,2.0,2.0,0.0
中国,,5.0,2.0,3.0
中国,,12.0,6.0,6.0
中国,,14.0,18.0,-4.0
中国,,8.0,6.0,2.0
四国,,16.0,23.0,-7.0
四国,,4.0,4.0,0.0
四国,,2.0,8.0,-6.0
四国,,4.0,6.0,-2.0
四国,,6.0,5.0,1.0
九州,,60.0,63.0,-3.0
九州,,31.0,22.0,9.0
九州,,1.0,2.0,-1.0
九州,,2.0,2.0,0.0
九州,,8.0,3.0,5.0
九州,,6.0,6.0,0.0
九州,,4.0,5.0,-1.0
九州,,3.0,14.0,-11.0
九州,,5.0,9.0,-4.0
第６表,,,,
総数,,3819.0,3609.0,210.0
北海道,,143.0,134.0,9.0
北海道,,105.0,90.0,15.0
北海道,,9.0,7.0,2.0
北海道,,6.0,7.0,-1.0
北海道,,14.0,22.0,-8.0
北海道,,9.0,8.0,1.0
東北,,242.0,253.0,-11.0
東北,,52.0,69.0,-17.0
東北,,29.0,38.0,-9.0
東北,,80.0,83.0,-3.0
東北,,15.0,17.0,-2.0
東北,,22.0,14.0,8.0
東北,,44.0,32.0,12.0
東京都,,589.0,549.0,40.0
関東,,913.0,799.0,114.0
関東,,71.0,58.0,13.0
関東,,45.0,28.0,17.0
関東,,44.0,47.0,-3.0
関東,,239.0,200.0,39.0
関東,,150.0,119.0,31.0
関東,,181.0,192.0,-11.0
関東,,45.0,43.0,2.0
関東,,21.0,13.0,8.0
関東,,35.0,32.0,3.0
関東,,82.0,67.0,15.0
中部,,416.0,445.0,-29.0
中部,,19.0,36.0,-17.0
中部,,24.0,31.0,-7.0
中部,,14.0,33.0,-19.0
中部,,46.0,45.0,1.0
中部,,268.0,262.0,6.0
中部,,45.0,38.0,7.0
近畿,,692.0,726.0,-34.0
近畿,,48.0,50.0,-2.0
近畿,,68.0,79.0,-11.0
近畿,,360.0,357.0,3.0
近畿,,155.0,183.0,-28.0
近畿,,29.0,25.0,4.0
近畿,,32.0,32.0,0.0
中国,,207.0,165.0,42.0
中国,,22.0,17.0,5.0
中国,,13.0,16.0,-3.0
中国,,57.0,48.0,9.0
中国,,87.0,67.0,20.0
中国,,28.0,17.0,11.0
四国,,98.0,91.0,7.0
四国,,9.0,12.0,-3.0
四国,,41.0,28.0,13.0
四国,,25.0,33.0,-8.0
四国,,23.0,18.0,5.0
九州,,519.0,447.0,72.0
九州,,186.0,165.0,21.0
九州,,26.0,38.0,-12.0
九州,,42.0,32.0,10.0
九州,,60.0,56.0,4.0
九州,,17.0,21.0,-4.0
九州,,34.0,33.0,1.0
九州,,77.0,52.0,25.0
九州,,77.0,50.0,27.0
第６表,,,,
総数,,553.0,545.0,8.0
北海道,,25.0,25.0,0.0
北海道,,16.0,17.0,-1.0
北海道,,1.0,0.0,1.0
北海道,,0.0,4.0,-4.0
北海道,,4.0,1.0,3.0
北海道,,4.0,3.0,1.0
東北,,35.0,32.0,3.0
東北,,5.0,7.0,-2.0
東北,,6.0,5.0,1.0
東北,,14.0,13.0,1.0
東北,,2.0,1.0,1.0
東北,,5.0,3.0,2.0
東北,,3.0,3.0,0.0
東京都,,80.0,68.0,12.0
関東,,151.0,138.0,13.0
関東,,6.0,13.0,-7.0
関東,,3.0,6.0,-3.0
関東,,7.0,5.0,2.0
関東,,52.0,33.0,19.0
関東,,22.0,28.0,-6.0
関東,,22.0,29.0,-7.0
関東,,6.0,6.0,0.0
関東,,2.0,0.0,2.0
関東,,1.0,2.0,-1.0
関東,,30.0,16.0,14.0
中部,,44.0,52.0,-8.0
中部,,4.0,2.0,2.0
中部,,3.0,6.0,-3.0
中部,,0.0,4.0,-4.0
中部,,6.0,7.0,-1.0
中部,,30.0,30.0,0.0
中部,,1.0,3.0,-2.0
近畿,,146.0,116.0,30.0
近畿,,12.0,4.0,8.0
近畿,,15.0,8.0,7.0
近畿,,80.0,56.0,24.0
近畿,,32.0,42.0,-10.0
近畿,,5.0,3.0,2.0
近畿,,2.0,3.0,-1.0
中国,,29.0,41.0,-12.0
中国,,10.0,12.0,-2.0
中国,,2.0,4.0,-2.0
中国,,3.0,9.0,-6.0
中国,,11.0,16.0,-5.0
中国,,3.0,0.0,3.0
四国,,4.0,12.0,-8.0
四国,,0.0,3.0,-3.0
四国,,2.0,5.0,-3.0
四国,,2.0,3.0,-1.0
四国,,0.0,1.0,-1.0
九州,,39.0,61.0,-22.0
九州,,10.0,22.0,-12.0
九州,,5.0,6.0,-1.0
九州,,6.0,6.0,0.0
九州,,7.0,5.0,2.0
九州,,1.0,4.0,-3.0
九州,,3.0,1.0,2.0
九州,,4.0,8.0,-4.0
九州,,3.0,9.0,-6.0
第６表,,,,
総数,,6564.0,6481.0,83.0
北海道,,242.0,202.0,40.0
北海道,,160.0,138.0,22.0
北海道,,14.0,18.0,-4.0
北海道,,26.0,15.0,11.0
北海道,,30.0,17.0,13.0
北海道,,12.0,14.0,-2.0
東北,,352.0,460.0,-108.0
東北,,61.0,76.0,-15.0
東北,,38.0,43.0,-5.0
東北,,152.0,185.0,-33.0
東北,,15.0,26.0,-11.0
東北,,21.0,31.0,-10.0
東北,,65.0,99.0,-34.0
東京都,,822.0,738.0,84.0
関東,,1688.0,1813.0,-125.0
関東,,94.0,93.0,1.0
関東,,58.0,36.0,22.0
関東,,68.0,72.0,-4.0
関東,,530.0,637.0,-107.0
関東,,264.0,316.0,-52.0
関東,,369.0,365.0,4.0
関東,,66.0,64.0,2.0
関東,,23.0,25.0,-2.0
関東,,47.0,55.0,-8.0
関東,,169.0,150.0,19.0
中部,,785.0,633.0,152.0
中部,,40.0,33.0,7.0
中部,,53.0,46.0,7.0
中部,,30.0,21.0,9.0
中部,,72.0,75.0,-3.0
中部,,528.0,407.0,121.0
中部,,62.0,51.0,11.0
近畿,,1566.0,1554.0,12.0
近畿,,99.0,103.0,-4.0
近畿,,129.0,120.0,9.0
近畿,,785.0,781.0,4.0
近畿,,471.0,483.0,-12.0
近畿,,49.0,42.0,7.0
近畿,,33.0,25.0,8.0
中国,,342.0,256.0,86.0
中国,,21.0,25.0,-4.0
中国,,27.0,16.0,11.0
中国,,116.0,60.0,56.0
中国,,142.0,135.0,7.0
中国,,36.0,20.0,16.0
四国,,118.0,134.0,-16.0
四国,,14.0,27.0,-13.0
四国,,44.0,36.0,8.0
四国,,33.0,36.0,-3.0
四国,,27.0,35.0,-8.0
九州,,649.0,691.0,-42.0
九州,,228.0,282.0,-54.0
九州,,48.0,36.0,12.0
九州,,48.0,40.0,8.0
九州,,116.0,85.0,31.0
九州,,28.0,22.0,6.0
九州,,33.0,57.0,-24.0
九州,,79.0,87.0,-8.0
九州,,69.0,82.0,-13.0
第６表,,,,
総数,,51653.0,46698.0,4955.0
北海道,,1026.0,917.0,109.0
北海道,,661.0,578.0,83.0
北海道,,86.0,91.0,-5.0
北海道,,162.0,105.0,57.0
北海道,,86.0,104.0,-18.0
北海道,,31.0,39.0,-8.0
東北,,2705.0,2811.0,-106.0
東北,,224.0,306.0,-82.0
東北,,218.0,350.0,-132.0
東北,,887.0,767.0,120.0
東北,,135.0,184.0,-49.0
東北,,242.0,229.0,13.0
東北,,999.0,975.0,24.0
東京都,,3412.0,2875.0,537.0
関東,,23022.0,20901.0,2121.0
関東,,3172.0,2676.0,496.0
関東,,2034.0,1600.0,434.0
関東,,2784.0,2392.0,392.0
関東,,4999.0,4388.0,611.0
関東,,3955.0,3560.0,395.0
関東,,3199.0,2882.0,317.0
関東,,701.0,917.0,-216.0
関東,,293.0,324.0,-31.0
関東,,679.0,903.0,-224.0
関東,,1206.0,1259.0,-53.0
中部,,8609.0,6848.0,1761.0
中部,,706.0,318.0,388.0
中部,,542.0,488.0,54.0
中部,,245.0,307.0,-62.0
中部,,1510.0,1182.0,328.0
中部,,4337.0,3368.0,969.0
中部,,1269.0,1185.0,84.0
近畿,,5677.0,5168.0,509.0
近畿,,411.0,483.0,-72.0
近畿,,462.0,414.0,48.0
近畿,,2387.0,2171.0,216.0
近畿,,1772.0,1563.0,209.0
近畿,,399.0,298.0,101.0
近畿,,246.0,239.0,7.0
中国,,1673.0,1631.0,42.0
中国,,165.0,83.0,82.0
中国,,125.0,187.0,-62.0
中国,,582.0,533.0,49.0
中国,,544.0,584.0,-40.0
中国,,257.0,244.0,13.0
四国,,1292.0,1210.0,82.0
四国,,200.0,212.0,-12.0
四国,,287.0,294.0,-7.0
四国,,502.0,387.0,115.0
四国,,303.0,317.0,-14.0
九州,,4237.0,4337.0,-100.0
九州,,1800.0,2083.0,-283.0
九州,,203.0,327.0,-124.0
九州,,196.0,160.0,36.0
九州,,304.0,346.0,-42.0
九州,,305.0,263.0,42.0
九州,,310.0,234.0,76.0
九州,,774.0,463.0,311.0
九州,,345.0,461.0,-116.0
第６表,,,,
総数,,43770.0,39299.0,4471.0
北海道,,927.0,808.0,119.0
北海道,,584.0,503.0,81.0
北海道,,81.0,87.0,-6.0
北海道,,157.0,99.0,58.0
北海道,,75.0,84.0,-9.0
北海道,,30.0,35.0,-5.0
東北,,2559.0,2621.0,-62.0
東北,,207.0,288.0,-81.0
東北,,205.0,336.0,-131.0
東北,,844.0,727.0,117.0
東北,,132.0,177.0,-45.0
東北,,231.0,224.0,7.0
東北,,940.0,869.0,71.0
東京都,,2486.0,2043.0,443.0
関東,,19391.0,17467.0,1924.0
関東,,2646.0,2154.0,492.0
関東,,1761.0,1322.0,439.0
関東,,2468.0,2125.0,343.0
関東,,4179.0,3552.0,627.0
関東,,3395.0,2808.0,587.0
関東,,2435.0,2335.0,100.0
関東,,673.0,879.0,-206.0
関東,,270.0,278.0,-8.0
関東,,586.0,852.0,-266.0
関東,,978.0,1162.0,-184.0
中部,,7186.0,5678.0,1508.0
中部,,673.0,295.0,378.0
中部,,512.0,449.0,63.0
中部,,232.0,300.0,-68.0
中部,,1329.0,1054.0,275.0
中部,,3251.0,2465.0,786.0
中部,,1189.0,1115.0,74.0
近畿,,4521.0,4035.0,486.0
近畿,,349.0,425.0,-76.0
近畿,,380.0,346.0,34.0
近畿,,1579.0,1403.0,176.0
近畿,,1617.0,1378.0,239.0
近畿,,367.0,261.0,106.0
近畿,,229.0,222.0,7.0
中国,,1548.0,1510.0,38.0
中国,,159.0,77.0,82.0
中国,,119.0,184.0,-65.0
中国,,508.0,485.0,23.0
中国,,511.0,544.0,-33.0
中国,,251.0,220.0,31.0
四国,,1243.0,1146.0,97.0
四国,,195.0,203.0,-8.0
四国,,270.0,282.0,-12.0
四国,,485.0,364.0,121.0
四国,,293.0,297.0,-4.0
九州,,3909.0,3991.0,-82.0
九州,,1662.0,1947.0,-285.0
九州,,198.0,306.0,-108.0
九州,,188.0,152.0,36.0
九州,,278.0,313.0,-35.0
九州,,288.0,249.0,39.0
九州,,299.0,225.0,74.0
九州,,723.0,418.0,305.0
九州,,273.0,381.0,-108.0
第６表,,,,
総数,,15924.0,14598.0,1326.0
北海道,,333.0,316.0,17.0
北海道,,194.0,209.0,-15.0
北海道,,28.0,34.0,-6.0
北海道,,71.0,28.0,43.0
北海道,,30.0,32.0,-2.0
北海道,,10.0,13.0,-3.0
東北,,806.0,775.0,31.0
東北,,67.0,82.0,-15.0
東北,,65.0,79.0,-14.0
東北,,307.0,320.0,-13.0
東北,,32.0,43.0,-11.0
東北,,54.0,37.0,17.0
東北,,281.0,214.0,67.0
東京都,,945.0,758.0,187.0
関東,,7433.0,6207.0,1226.0
関東,,1178.0,900.0,278.0
関東,,703.0,479.0,224.0
関東,,970.0,625.0,345.0
関東,,1671.0,1294.0,377.0
関東,,1129.0,1017.0,112.0
関東,,857.0,848.0,9.0
関東,,194.0,317.0,-123.0
関東,,127.0,85.0,42.0
関東,,198.0,205.0,-7.0
関東,,406.0,437.0,-31.0
中部,,2353.0,2286.0,67.0
中部,,116.0,76.0,40.0
中部,,124.0,208.0,-84.0
中部,,57.0,75.0,-18.0
中部,,476.0,451.0,25.0
中部,,1253.0,1145.0,108.0
中部,,327.0,331.0,-4.0
近畿,,1522.0,1494.0,28.0
近畿,,144.0,181.0,-37.0
近畿,,143.0,126.0,17.0
近畿,,568.0,540.0,28.0
近畿,,443.0,461.0,-18.0
近畿,,137.0,117.0,20.0
近畿,,87.0,69.0,18.0
中国,,644.0,614.0,30.0
中国,,96.0,35.0,61.0
中国,,64.0,46.0,18.0
中国,,163.0,210.0,-47.0
中国,,239.0,229.0,10.0
中国,,82.0,94.0,-12.0
四国,,423.0,459.0,-36.0
四国,,61.0,80.0,-19.0
四国,,76.0,112.0,-36.0
四国,,154.0,114.0,40.0
四国,,132.0,153.0,-21.0
九州,,1465.0,1689.0,-224.0
九州,,671.0,862.0,-191.0
九州,,92.0,120.0,-28.0
九州,,54.0,57.0,-3.0
九州,,100.0,117.0,-17.0
九州,,127.0,107.0,20.0
九州,,112.0,93.0,19.0
九州,,199.0,210.0,-11.0
九州,,110.0,123.0,-13.0
第６表,,,,
総数,,27846.0,24701.0,3145.0
北海道,,594.0,492.0,102.0
北海道,,390.0,294.0,96.0
北海道,,53.0,53.0,0.0
北海道,,86.0,71.0,15.0
北海道,,45.0,52.0,-7.0
北海道,,20.0,22.0,-2.0
東北,,1753.0,1846.0,-93.0
東北,,140.0,206.0,-66.0
東北,,140.0,257.0,-117.0
東北,,537.0,407.0,130.0
東北,,100.0,134.0,-34.0
東北,,177.0,187.0,-10.0
東北,,659.0,655.0,4.0
東京都,,1541.0,1285.0,256.0
関東,,11958.0,11260.0,698.0
関東,,1468.0,1254.0,214.0
関東,,1058.0,843.0,215.0
関東,,1498.0,1500.0,-2.0
関東,,2508.0,2258.0,250.0
関東,,2266.0,1791.0,475.0
関東,,1578.0,1487.0,91.0
関東,,479.0,562.0,-83.0
関東,,143.0,193.0,-50.0
関東,,388.0,647.0,-259.0
関東,,572.0,725.0,-153.0
中部,,4833.0,3392.0,1441.0
中部,,557.0,219.0,338.0
中部,,388.0,241.0,147.0
中部,,175.0,225.0,-50.0
中部,,853.0,603.0,250.0
中部,,1998.0,1320.0,678.0
中部,,862.0,784.0,78.0
近畿,,2999.0,2541.0,458.0
近畿,,205.0,244.0,-39.0
近畿,,237.0,220.0,17.0
近畿,,1011.0,863.0,148.0
近畿,,1174.0,917.0,257.0
近畿,,230.0,144.0,86.0
近畿,,142.0,153.0,-11.0
中国,,904.0,896.0,8.0
中国,,63.0,42.0,21.0
中国,,55.0,138.0,-83.0
中国,,345.0,275.0,70.0
中国,,272.0,315.0,-43.0
中国,,169.0,126.0,43.0
四国,,820.0,687.0,133.0
四国,,134.0,123.0,11.0
四国,,194.0,170.0,24.0
四国,,331.0,250.0,81.0
四国,,161.0,144.0,17.0
九州,,2444.0,2302.0,142.0
九州,,991.0,1085.0,-94.0
九州,,106.0,186.0,-80.0
九州,,134.0,95.0,39.0
九州,,178.0,196.0,-18.0
九州,,161.0,142.0,19.0
九州,,187.0,132.0,55.0
九州,,524.0,208.0,316.0
九州,,163.0,258.0,-95.0
第６表,,,,
総数,,6012.0,5574.0,438.0
北海道,,72.0,90.0,-18.0
北海道,,50.0,59.0,-9.0
北海道,,5.0,3.0,2.0
北海道,,5.0,5.0,0.0
北海道,,11.0,19.0,-8.0
北海道,,1.0,4.0,-3.0
東北,,124.0,167.0,-43.0
東北,,13.0,16.0,-3.0
東北,,9.0,14.0,-5.0
東北,,34.0,30.0,4.0
東北,,3.0,5.0,-2.0
東北,,10.0,3.0,7.0
東北,,55.0,99.0,-44.0
東京都,,148.0,212.0,-64.0
関東,,3275.0,3109.0,166.0
関東,,509.0,512.0,-3.0
関東,,261.0,276.0,-15.0
関東,,309.0,251.0,58.0
関東,,710.0,738.0,-28.0
関東,,501.0,670.0,-169.0
関東,,631.0,466.0,165.0
関東,,23.0,30.0,-7.0
関東,,22.0,45.0,-23.0
関東,,91.0,48.0,43.0
関東,,218.0,73.0,145.0
中部,,1305.0,1017.0,288.0
中部,,22.0,15.0,7.0
中部,,26.0,10.0,16.0
中部,,9.0,3.0,6.0
中部,,162.0,114.0,48.0
中部,,1008.0,809.0,199.0
中部,,78.0,66.0,12.0
近畿,,757.0,631.0,126.0
近畿,,56.0,48.0,8.0
近畿,,54.0,43.0,11.0
近畿,,499.0,364.0,135.0
近畿,,110.0,139.0,-29.0
近畿,,24.0,29.0,-5.0
近畿,,14.0,8.0,6.0
中国,,91.0,90.0,1.0
中国,,5.0,6.0,-1.0
中国,,4.0,3.0,1.0
中国,,56.0,46.0,10.0
中国,,21.0,18.0,3.0
中国,,5.0,17.0,-12.0
四国,,41.0,45.0,-4.0
四国,,3.0,9.0,-6.0
四国,,16.0,7.0,9.0
四国,,16.0,18.0,-2.0
四国,,6.0,11.0,-5.0
九州,,199.0,213.0,-14.0
九州,,55.0,58.0,-3.0
九州,,4.0,18.0,-14.0
九州,,6.0,8.0,-2.0
九州,,16.0,20.0,-4.0
九州,,10.0,10.0,0.0
九州,,10.0,9.0,1.0
九州,,43.0,35.0,8.0
九州,,55.0,55.0,0.0
第６表,,,,
総数,,439.0,523.0,-84.0
北海道,,11.0,7.0,4.0
北海道,,11.0,4.0,7.0
北海道,,0.0,1.0,-1.0
北海道,,0.0,1.0,-1.0
北海道,,0.0,1.0,-1.0
北海道,,0.0,0.0,0.0
東北,,8.0,8.0,0.0
東北,,2.0,1.0,1.0
東北,,2.0,0.0,2.0
東北,,3.0,5.0,-2.0
東北,,0.0,1.0,-1.0
東北,,1.0,0.0,1.0
東北,,0.0,1.0,-1.0
東京都,,77.0,91.0,-14.0
関東,,132.0,146.0,-14.0
関東,,13.0,6.0,7.0
関東,,5.0,2.0,3.0
関東,,4.0,4.0,0.0
関東,,45.0,48.0,-3.0
関東,,25.0,47.0,-22.0
関東,,32.0,28.0,4.0
関東,,1.0,3.0,-2.0
関東,,1.0,0.0,1.0
関東,,2.0,1.0,1.0
関東,,4.0,7.0,-3.0
中部,,31.0,46.0,-15.0
中部,,2.0,0.0,2.0
中部,,0.0,1.0,-1.0
中部,,0.0,1.0,-1.0
中部,,2.0,6.0,-4.0
中部,,25.0,37.0,-12.0
中部,,2.0,1.0,1.0
近畿,,111.0,177.0,-66.0
近畿,,1.0,4.0,-3.0
近畿,,8.0,9.0,-1.0
近畿,,81.0,135.0,-54.0
近畿,,15.0,20.0,-5.0
近畿,,4.0,4.0,0.0
近畿,,2.0,5.0,-3.0
中国,,21.0,6.0,15.0
中国,,0.0,0.0,0.0
中国,,1.0,0.0,1.0
中国,,13.0,1.0,12.0
中国,,7.0,3.0,4.0
中国,,0.0,2.0,-2.0
四国,,0.0,3.0,-3.0
四国,,0.0,0.0,0.0
四国,,0.0,3.0,-3.0
四国,,0.0,0.0,0.0
四国,,0.0,0.0,0.0
九州,,48.0,39.0,9.0
九州,,23.0,23.0,0.0
九州,,1.0,2.0,-1.0
九州,,0.0,0.0,0.0
九州,,5.0,3.0,2.0
九州,,3.0,2.0,1.0
九州,,0.0,0.0,0.0
九州,,3.0,2.0,1.0
九州,,13.0,7.0,6.0
第６表,,,,
総数,,1432.0,1302.0,130.0
北海道,,16.0,12.0,4.0
北海道,,16.0,12.0,4.0
北海道,,0.0,0.0,0.0
北海道,,0.0,0.0,0.0
北海道,,0.0,0.0,0.0
北海道,,0.0,0.0,0.0
東北,,14.0,15.0,-1.0
東北,,2.0,1.0,1.0
東北,,2.0,0.0,2.0
東北,,6.0,5.0,1.0
東北,,0.0,1.0,-1.0
東北,,0.0,2.0,-2.0
東北,,4.0,6.0,-2.0
東京都,,701.0,529.0,172.0
関東,,224.0,179.0,45.0
関東,,4.0,4.0,0.0
関東,,7.0,0.0,7.0
関東,,3.0,12.0,-9.0
関東,,65.0,50.0,15.0
関東,,34.0,35.0,-1.0
関東,,101.0,53.0,48.0
関東,,4.0,5.0,-1.0
関東,,0.0,1.0,-1.0
関東,,0.0,2.0,-2.0
関東,,6.0,17.0,-11.0
中部,,87.0,107.0,-20.0
中部,,9.0,8.0,1.0
中部,,4.0,28.0,-24.0
中部,,4.0,3.0,1.0
中部,,17.0,8.0,9.0
中部,,53.0,57.0,-4.0
中部,,0.0,3.0,-3.0
近畿,,288.0,325.0,-37.0
近畿,,5.0,6.0,-1.0
近畿,,20.0,16.0,4.0
近畿,,228.0,269.0,-41.0
近畿,,30.0,26.0,4.0
近畿,,4.0,4.0,0.0
近畿,,1.0,4.0,-3.0
中国,,13.0,25.0,-12.0
中国,,1.0,0.0,1.0
中国,,1.0,0.0,1.0
中国,,5.0,1.0,4.0
中国,,5.0,19.0,-14.0
中国,,1.0,5.0,-4.0
四国,,8.0,16.0,-8.0
四国,,2.0,0.0,2.0
四国,,1.0,2.0,-1.0
四国,,1.0,5.0,-4.0
四国,,4.0,9.0,-5.0
九州,,81.0,94.0,-13.0
九州,,60.0,55.0,5.0
九州,,0.0,1.0,-1.0
九州,,2.0,0.0,2.0
九州,,5.0,10.0,-5.0
九州,,4.0,2.0,2.0
九州,,1.0,0.0,1.0
九州,,5.0,8.0,-3.0
九州,,4.0,18.0,-14.0
第７表,,,,
性別,,,,
総数,,13805.0,13468.0,337.0
総数,,1361.0,1507.0,-146.0
総数,,4247.0,3877.0,370.0
総数,,3830.0,3875.0,-45.0
総数,,1533.0,1396.0,137.0
総数,,959.0,945.0,14.0
総数,,679.0,671.0,8.0
総数,,232.0,215.0,17.0
総数,,165.0,151.0,14.0
総数,,337.0,329.0,8.0
総数,,187.0,202.0,-15.0
総数,,0.0,1.0,-1.0
総数,,275.0,299.0,-24.0
うち)男,,2245.0,2247.0,-2.0
うち)男,,223.0,262.0,-39.0
うち)男,,404.0,307.0,97.0
うち)男,,383.0,386.0,-3.0
うち)男,,263.0,256.0,7.0
うち)男,,245.0,276.0,-31.0
うち)男,,259.0,312.0,-53.0
うち)男,,125.0,115.0,10.0
うち)男,,90.0,82.0,8.0
うち)男,,181.0,175.0,6.0
うち)男,,72.0,76.0,-4.0
うち)女,,11285.0,10921.0,364.0
うち)女,,1138.0,1245.0,-107.0
うち)女,,3843.0,3570.0,273.0
うち)女,,3447.0,3489.0,-42.0
うち)女,,1270.0,1140.0,130.0
うち)女,,714.0,669.0,45.0
うち)女,,420.0,359.0,61.0
うち)女,,107.0,100.0,7.0
うち)女,,75.0,69.0,6.0
うち)女,,156.0,154.0,2.0
うち)女,,115.0,126.0,-11.0
注　一つの事件で数人の被害者がいる場合は、主たる被害者について計上してある。,,,,
第７表,,,,
性別,,,,
総数,,51653.0,46698.0,4955.0
総数,,21.0,24.0,-3.0
総数,,555.0,454.0,101.0
総数,,3187.0,3128.0,59.0
総数,,3777.0,3678.0,99.0
総数,,5348.0,5148.0,200.0
総数,,7542.0,6855.0,687.0
総数,,4442.0,3572.0,870.0
総数,,3935.0,3223.0,712.0
総数,,6622.0,5561.0,1061.0
総数,,4945.0,3996.0,949.0
総数,,11279.0,11059.0,220.0
うち)男,,27467.0,24420.0,3047.0
うち)男,,6.0,9.0,-3.0
うち)男,,278.0,230.0,48.0
うち)男,,1922.0,1870.0,52.0
うち)男,,2845.0,2756.0,89.0
うち)男,,4150.0,4053.0,97.0
うち)男,,5512.0,5059.0,453.0
うち)男,,3113.0,2511.0,602.0
うち)男,,2771.0,2223.0,548.0
うち)男,,4452.0,3808.0,644.0
うち)男,,2418.0,1901.0,517.0
うち)女,,12907.0,11219.0,1688.0
うち)女,,15.0,15.0,0.0
うち)女,,277.0,224.0,53.0
うち)女,,1265.0,1258.0,7.0
うち)女,,932.0,922.0,10.0
うち)女,,1198.0,1095.0,103.0
うち)女,,2030.0,1796.0,234.0
うち)女,,1329.0,1061.0,268.0
うち)女,,1164.0,1000.0,164.0
うち)女,,2170.0,1753.0,417.0
うち)女,,2527.0,2095.0,432.0
注　一つの事件で数人の被害者がいる場合は、主たる被害者について計上してある。,,,,
第８表,,,,
性別,,,,
総数,,10710.0,10184.0,526.0
総数,,1308.0,1143.0,165.0
総数,,3041.0,2753.0,288.0
総数,,2154.0,2045.0,109.0
総数,,1783.0,1756.0,27.0
総数,,1178.0,1205.0,-27.0
総数,,365.0,343.0,22.0
総数,,248.0,290.0,-42.0
総数,,445.0,472.0,-27.0
総数,,188.0,177.0,11.0
男,,10110.0,9519.0,591.0
男,,1247.0,1083.0,164.0
男,,2911.0,2618.0,293.0
男,,2003.0,1904.0,99.0
男,,1683.0,1628.0,55.0
男,,1102.0,1105.0,-3.0
男,,345.0,316.0,29.0
男,,230.0,272.0,-42.0
男,,422.0,431.0,-9.0
男,,167.0,162.0,5.0
女,,600.0,665.0,-65.0
女,,61.0,60.0,1.0
女,,130.0,135.0,-5.0
女,,151.0,141.0,10.0
女,,100.0,128.0,-28.0
女,,76.0,100.0,-24.0
女,,20.0,27.0,-7.0
女,,18.0,18.0,0.0
女,,23.0,41.0,-18.0
女,,21.0,15.0,6.0
第８表,,,,
性別,,,,
総数,,6088.0,5988.0,100.0
総数,,688.0,538.0,150.0
総数,,1718.0,1794.0,-76.0
総数,,1177.0,1188.0,-11.0
総数,,953.0,865.0,88.0
総数,,718.0,813.0,-95.0
総数,,250.0,217.0,33.0
総数,,182.0,197.0,-15.0
総数,,306.0,291.0,15.0
総数,,96.0,85.0,11.0
男,,5542.0,5495.0,47.0
男,,660.0,506.0,154.0
男,,1543.0,1634.0,-91.0
男,,1094.0,1111.0,-17.0
男,,864.0,787.0,77.0
男,,650.0,744.0,-94.0
男,,219.0,194.0,25.0
男,,160.0,184.0,-24.0
男,,273.0,261.0,12.0
男,,79.0,74.0,5.0
女,,546.0,493.0,53.0
女,,28.0,32.0,-4.0
女,,175.0,160.0,15.0
女,,83.0,77.0,6.0
女,,89.0,78.0,11.0
女,,68.0,69.0,-1.0
女,,31.0,23.0,8.0
女,,22.0,13.0,9.0
女,,33.0,30.0,3.0
女,,17.0,11.0,6.0
第９表,,,,
（１） 主要な街頭犯罪　都道府県別　認知・検挙件数・検挙人員　対前年比較,,,,
主な街頭犯罪総数,,210319.0,209239.0,1080.0
北海道,,5599.0,5880.0,-281.0
北海道,,4761.0,4940.0,-179.0
北海道,,260.0,312.0,-52.0
北海道,,226.0,298.0,-72.0
北海道,,293.0,267.0,26.0
北海道,,59.0,63.0,-4.0
東北,,6117.0,6483.0,-366.0
東北,,1016.0,842.0,174.0
東北,,612.0,734.0,-122.0
東北,,2093.0,2399.0,-306.0
東北,,386.0,393.0,-7.0
東北,,495.0,433.0,62.0
東北,,1515.0,1682.0,-167.0
東京都,,29048.0,30608.0,-1560.0
関東,,63599.0,61120.0,2479.0
関東,,3669.0,4106.0,-437.0
関東,,2714.0,2530.0,184.0
関東,,3565.0,2713.0,852.0
関東,,17114.0,17268.0,-154.0
関東,,12401.0,11896.0,505.0
関東,,15572.0,14811.0,761.0
関東,,2112.0,1845.0,267.0
関東,,952.0,931.0,21.0
関東,,1651.0,1525.0,126.0
関東,,3849.0,3495.0,354.0
中部,,24013.0,22864.0,1149.0
中部,,909.0,944.0,-35.0
中部,,1117.0,1171.0,-54.0
中部,,543.0,523.0,20.0
中部,,2562.0,2329.0,233.0
中部,,16525.0,15440.0,1085.0
中部,,2357.0,2457.0,-100.0
近畿,,47029.0,47928.0,-899.0
近畿,,1866.0,1748.0,118.0
近畿,,3592.0,3697.0,-105.0
近畿,,30481.0,31089.0,-608.0
近畿,,9291.0,9378.0,-87.0
近畿,,1193.0,1156.0,37.0
近畿,,606.0,860.0,-254.0
中国,,9393.0,9594.0,-201.0
中国,,675.0,527.0,148.0
中国,,285.0,320.0,-35.0
中国,,3408.0,3372.0,36.0
中国,,3941.0,4195.0,-254.0
中国,,1084.0,1180.0,-96.0
四国,,4646.0,4353.0,293.0
四国,,788.0,824.0,-36.0
四国,,1293.0,1179.0,114.0
四国,,1745.0,1467.0,278.0
四国,,820.0,883.0,-63.0
九州,,20875.0,20409.0,466.0
九州,,11218.0,11375.0,-157.0
九州,,817.0,828.0,-11.0
九州,,454.0,496.0,-42.0
九州,,2014.0,1798.0,216.0
九州,,1055.0,867.0,188.0
九州,,1470.0,1289.0,181.0
九州,,1452.0,1540.0,-88.0
九州,,2395.0,2216.0,179.0
　注　主な街頭犯罪総数は、路上強盗、部品ねらい、車上ねらい、自動販売機ねらい、オートバイ盗、自転車盗を合計した数である。,,,,
第９表,,,,
（２） 器物損壊　都道府県別　認知・検挙件数・検挙人員　対前年比較,,,,
総数,,48643.0,49501.0,-858.0
北海道,,1259.0,1380.0,-121.0
北海道,,843.0,901.0,-58.0
北海道,,105.0,137.0,-32.0
北海道,,112.0,134.0,-22.0
北海道,,140.0,146.0,-6.0
北海道,,59.0,62.0,-3.0
東北,,2192.0,2408.0,-216.0
東北,,347.0,363.0,-16.0
東北,,224.0,227.0,-3.0
東北,,743.0,875.0,-132.0
東北,,143.0,138.0,5.0
東北,,148.0,170.0,-22.0
東北,,587.0,635.0,-48.0
東京都,,6835.0,7075.0,-240.0
関東,,13148.0,13127.0,21.0
関東,,1130.0,1151.0,-21.0
関東,,751.0,787.0,-36.0
関東,,853.0,785.0,68.0
関東,,3957.0,3679.0,278.0
関東,,2082.0,2129.0,-47.0
関東,,2058.0,2241.0,-183.0
関東,,627.0,674.0,-47.0
関東,,143.0,149.0,-6.0
関東,,493.0,464.0,29.0
関東,,1054.0,1068.0,-14.0
中部,,6383.0,6543.0,-160.0
中部,,264.0,243.0,21.0
中部,,248.0,269.0,-21.0
中部,,147.0,145.0,2.0
中部,,990.0,1052.0,-62.0
中部,,3967.0,3966.0,1.0
中部,,767.0,868.0,-101.0
近畿,,10400.0,10469.0,-69.0
近畿,,590.0,591.0,-1.0
近畿,,767.0,742.0,25.0
近畿,,5057.0,5096.0,-39.0
近畿,,3264.0,3286.0,-22.0
近畿,,437.0,471.0,-34.0
近畿,,285.0,283.0,2.0
中国,,2130.0,2106.0,24.0
中国,,136.0,81.0,55.0
中国,,100.0,133.0,-33.0
中国,,549.0,509.0,40.0
中国,,1054.0,1063.0,-9.0
中国,,291.0,320.0,-29.0
四国,,1450.0,1414.0,36.0
四国,,212.0,192.0,20.0
四国,,459.0,442.0,17.0
四国,,532.0,522.0,10.0
四国,,247.0,258.0,-11.0
九州,,4846.0,4979.0,-133.0
九州,,2369.0,2479.0,-110.0
九州,,143.0,164.0,-21.0
九州,,178.0,194.0,-16.0
九州,,377.0,336.0,41.0
九州,,236.0,254.0,-18.0
九州,,205.0,207.0,-2.0
九州,,593.0,590.0,3.0
九州,,745.0,755.0,-10.0
第９表,,,,
（２） 住居侵入　都道府県別　認知・検挙件数・検挙人員　対前年比較,,,,
総数,,10022.0,9431.0,591.0
北海道,,407.0,374.0,33.0
北海道,,251.0,263.0,-12.0
北海道,,46.0,36.0,10.0
北海道,,44.0,35.0,9.0
北海道,,46.0,27.0,19.0
北海道,,20.0,13.0,7.0
東北,,534.0,601.0,-67.0
東北,,60.0,75.0,-15.0
東北,,63.0,64.0,-1.0
東北,,171.0,213.0,-42.0
東北,,33.0,33.0,0.0
東北,,57.0,48.0,9.0
東北,,150.0,168.0,-18.0
東京都,,758.0,652.0,106.0
関東,,3610.0,3321.0,289.0
関東,,376.0,311.0,65.0
関東,,363.0,266.0,97.0
関東,,379.0,352.0,27.0
関東,,599.0,501.0,98.0
関東,,565.0,521.0,44.0
関東,,675.0,680.0,-5.0
関東,,157.0,139.0,18.0
関東,,34.0,56.0,-22.0
関東,,139.0,136.0,3.0
関東,,323.0,359.0,-36.0
中部,,1141.0,1047.0,94.0
中部,,101.0,62.0,39.0
中部,,65.0,37.0,28.0
中部,,58.0,40.0,18.0
中部,,192.0,177.0,15.0
中部,,517.0,488.0,29.0
中部,,208.0,243.0,-35.0
近畿,,1606.0,1530.0,76.0
近畿,,133.0,158.0,-25.0
近畿,,127.0,126.0,1.0
近畿,,781.0,702.0,79.0
近畿,,457.0,427.0,30.0
近畿,,66.0,76.0,-10.0
近畿,,42.0,41.0,1.0
中国,,590.0,508.0,82.0
中国,,69.0,45.0,24.0
中国,,27.0,32.0,-5.0
中国,,133.0,127.0,6.0
中国,,280.0,242.0,38.0
中国,,81.0,62.0,19.0
四国,,243.0,289.0,-46.0
四国,,46.0,27.0,19.0
四国,,103.0,143.0,-40.0
四国,,49.0,64.0,-15.0
四国,,45.0,55.0,-10.0
九州,,1133.0,1109.0,24.0
九州,,436.0,459.0,-23.0
九州,,71.0,60.0,11.0
九州,,95.0,98.0,-3.0
九州,,79.0,78.0,1.0
九州,,39.0,31.0,8.0
九州,,94.0,98.0,-4.0
九州,,139.0,113.0,26.0
九州,,180.0,172.0,8.0
第１０表,,,,
総数,,182883.0,175630.0,7253.0
北海道,,8812.0,8308.0,504.0
北海道,,6000.0,5476.0,524.0
北海道,,625.0,626.0,-1.0
北海道,,865.0,934.0,-69.0
北海道,,927.0,882.0,45.0
北海道,,395.0,390.0,5.0
東北,,9183.0,9340.0,-157.0
東北,,1388.0,1384.0,4.0
東北,,1099.0,1057.0,42.0
東北,,2719.0,2760.0,-41.0
東北,,855.0,953.0,-98.0
東北,,1257.0,1232.0,25.0
東北,,1865.0,1954.0,-89.0
東京都,,22257.0,21483.0,774.0
関東,,48664.0,45753.0,2911.0
関東,,3956.0,3385.0,571.0
関東,,2011.0,1887.0,124.0
関東,,2989.0,2839.0,150.0
関東,,9324.0,8728.0,596.0
関東,,8005.0,7780.0,225.0
関東,,11227.0,10715.0,512.0
関東,,3026.0,2754.0,272.0
関東,,826.0,774.0,52.0
関東,,1968.0,1862.0,106.0
関東,,5332.0,5029.0,303.0
中部,,21111.0,21237.0,-126.0
中部,,1792.0,1694.0,98.0
中部,,1378.0,1443.0,-65.0
中部,,1134.0,1164.0,-30.0
中部,,2742.0,2830.0,-88.0
中部,,12071.0,11906.0,165.0
中部,,1994.0,2200.0,-206.0
近畿,,35369.0,34499.0,870.0
近畿,,2296.0,2195.0,101.0
近畿,,3600.0,3552.0,48.0
近畿,,15376.0,14818.0,558.0
近畿,,10416.0,10088.0,328.0
近畿,,2173.0,2238.0,-65.0
近畿,,1508.0,1608.0,-100.0
中国,,10180.0,9500.0,680.0
中国,,995.0,832.0,163.0
中国,,787.0,712.0,75.0
中国,,2801.0,2618.0,183.0
中国,,3817.0,3759.0,58.0
中国,,1780.0,1579.0,201.0
四国,,5022.0,4901.0,121.0
四国,,800.0,753.0,47.0
四国,,1526.0,1543.0,-17.0
四国,,1710.0,1676.0,34.0
四国,,986.0,929.0,57.0
九州,,22285.0,20609.0,1676.0
九州,,9024.0,8404.0,620.0
九州,,1353.0,1270.0,83.0
九州,,1689.0,1576.0,113.0
九州,,2527.0,2369.0,158.0
九州,,1328.0,1123.0,205.0
九州,,1385.0,1236.0,149.0
九州,,1931.0,1810.0,121.0
九州,,3048.0,2821.0,227.0
第１１表,,,,
法令別,,,,
特別法犯総数　注１,59705.0,59561.0,144.0,0.2
公職選挙法,195.0,136.0,59.0,43.4
入管法,4871.0,5667.0,-796.0,-14.0
軽犯罪法,5669.0,5956.0,-287.0,-4.8
迷惑防止条例,4531.0,5269.0,-738.0,-14.0
ストーカー規制法,1325.0,1219.0,106.0,8.7
DV法,69.0,60.0,9.0,15.0
競馬法,3.0,1.0,2.0,200.0
風営適正化法,587.0,670.0,-83.0,-12.4
売春防止法,311.0,384.0,-73.0,-19.0
児童福祉法,74.0,76.0,-2.0,-2.6
児童買春・児童ポルノ法,2729.0,2952.0,-223.0,-7.6
青少年保護育成条例,1205.0,1352.0,-147.0,-10.9
出資法,60.0,68.0,-8.0,-11.8
貸金業法,44.0,55.0,-11.0,-20.0
犯罪収益移転防止法,4310.0,4113.0,197.0,4.8
宅地建物取引業法,13.0,16.0,-3.0,-18.8
関税法,30.0,36.0,-6.0,-16.7
外為法,1.0,5.0,-4.0,-80.0
著作権法,221.0,151.0,70.0,46.4
商標法,495.0,613.0,-118.0,-19.2
不正アクセス禁止法,399.0,501.0,-102.0,-20.4
不正競争防止法,64.0,36.0,28.0,77.8
銃刀法,4187.0,4205.0,-18.0,-0.4
火薬類取締法,103.0,112.0,-9.0,-8.0
麻薬等取締法,10575.0,1881.0,8694.0,462.2
あへん法,4.0,6.0,-2.0,-33.3
大麻草栽培規制法　　注２,137.0,6688.0,-6551.0,-98.0
覚醒剤取締法,8368.0,7930.0,438.0,5.5
医薬品医療機器等法,346.0,537.0,-191.0,-35.6
毒物及び劇物取締法,89.0,96.0,-7.0,-7.3
廃棄物処理法,4467.0,4523.0,-56.0,-1.2
労働基準法,17.0,32.0,-15.0,-46.9
その他,4206.0,4215.0,-9.0,-0.2
注１　自動車の運転により人を死傷させる行為等の処罰に関する法律及び交通法令違反を除く。,,,,
注２　2024年の大麻草栽培規制法の数値には、大麻取締法の数値を含む。,,,,
総数,,897.0,802.0,508.0
アジア州,,738.0,628.0,413.0
アジア州,,28.0,28.0,22.0
アジア州,,103.0,118.0,65.0
アジア州,,4.0,3.0,3.0
アジア州,,24.0,17.0,22.0
アジア州,,32.0,14.0,21.0
アジア州,,28.0,37.0,24.0
アジア州,,19.0,10.0,7.0
アジア州,,27.0,28.0,19.0
アジア州,,17.0,11.0,15.0
アジア州,,50.0,40.0,32.0
アジア州,,287.0,230.0,100.0
アジア州,,7.0,1.0,6.0
アジア州,,112.0,91.0,77.0
ヨーロッパ州,,39.0,29.0,22.0
ヨーロッパ州,,4.0,0.0,4.0
ヨーロッパ州,,2.0,1.0,0.0
ヨーロッパ州,,0.0,0.0,0.0
ヨーロッパ州,,6.0,3.0,2.0
ヨーロッパ州,,4.0,4.0,1.0
ヨーロッパ州,,23.0,21.0,15.0
南北アメリカ州,,91.0,101.0,53.0
南北アメリカ州,,16.0,15.0,11.0
南北アメリカ州,,2.0,3.0,1.0
南北アメリカ州,,50.0,51.0,29.0
南北アメリカ州,,23.0,32.0,12.0
アフリカ州,,26.0,34.0,19.0
オセアニア州,,3.0,10.0,1.0
無国籍,,0.0,0.0,0.0
国籍不明,,0.0,0.0,0.0
 注 「中国」は、台湾、香港等を含む。,,,,
総数,,389.0,353.0,313.0
アジア州,,325.0,291.0,271.0
アジア州,,6.0,9.0,6.0
アジア州,,38.0,37.0,26.0
アジア州,,1.0,0.0,0.0
アジア州,,2.0,0.0,2.0
アジア州,,11.0,4.0,9.0
アジア州,,4.0,15.0,1.0
アジア州,,12.0,7.0,12.0
アジア州,,8.0,10.0,2.0
アジア州,,2.0,1.0,1.0
アジア州,,18.0,13.0,12.0
アジア州,,187.0,163.0,174.0
アジア州,,1.0,0.0,0.0
アジア州,,35.0,32.0,26.0
ヨーロッパ州,,17.0,12.0,12.0
ヨーロッパ州,,0.0,0.0,0.0
ヨーロッパ州,,2.0,1.0,1.0
ヨーロッパ州,,0.0,0.0,0.0
ヨーロッパ州,,4.0,1.0,4.0
ヨーロッパ州,,3.0,1.0,1.0
ヨーロッパ州,,8.0,9.0,6.0
南北アメリカ州,,38.0,40.0,28.0
南北アメリカ州,,5.0,3.0,4.0
南北アメリカ州,,1.0,0.0,1.0
南北アメリカ州,,21.0,25.0,13.0
南北アメリカ州,,11.0,12.0,10.0
アフリカ州,,7.0,6.0,1.0
オセアニア州,,2.0,4.0,1.0
無国籍,,0.0,0.0,0.0
国籍不明,,0.0,0.0,0.0
第１３表,,,,
総数,,22831.0,19292.0,3539.0
北海道,,217.0,219.0,-2.0
北海道,,148.0,175.0,-27.0
北海道,,8.0,5.0,3.0
北海道,,24.0,14.0,10.0
北海道,,26.0,15.0,11.0
北海道,,11.0,10.0,1.0
東北,,652.0,513.0,139.0
東北,,19.0,28.0,-9.0
東北,,122.0,95.0,27.0
東北,,180.0,142.0,38.0
東北,,39.0,8.0,31.0
東北,,202.0,182.0,20.0
東北,,90.0,58.0,32.0
東京都,,4574.0,4219.0,355.0
関東,,10160.0,8502.0,1658.0
関東,,1741.0,1298.0,443.0
関東,,548.0,328.0,220.0
関東,,1583.0,1219.0,364.0
関東,,1620.0,1751.0,-131.0
関東,,2283.0,1262.0,1021.0
関東,,1061.0,1249.0,-188.0
関東,,226.0,387.0,-161.0
関東,,100.0,116.0,-16.0
関東,,181.0,332.0,-151.0
関東,,817.0,560.0,257.0
中部,,2973.0,2586.0,387.0
中部,,171.0,133.0,38.0
中部,,64.0,108.0,-44.0
中部,,145.0,130.0,15.0
中部,,517.0,423.0,94.0
中部,,1560.0,1522.0,38.0
中部,,516.0,270.0,246.0
近畿,,2487.0,1821.0,666.0
近畿,,154.0,140.0,14.0
近畿,,322.0,175.0,147.0
近畿,,1205.0,981.0,224.0
近畿,,624.0,449.0,175.0
近畿,,138.0,59.0,79.0
近畿,,44.0,17.0,27.0
中国,,546.0,389.0,157.0
中国,,71.0,33.0,38.0
中国,,59.0,45.0,14.0
中国,,133.0,92.0,41.0
中国,,216.0,153.0,63.0
中国,,67.0,66.0,1.0
四国,,190.0,160.0,30.0
四国,,26.0,29.0,-3.0
四国,,66.0,76.0,-10.0
四国,,80.0,34.0,46.0
四国,,18.0,21.0,-3.0
九州,,1032.0,883.0,149.0
九州,,565.0,488.0,77.0
九州,,60.0,14.0,46.0
九州,,28.0,37.0,-9.0
九州,,64.0,130.0,-66.0
九州,,124.0,63.0,61.0
九州,,17.0,32.0,-15.0
九州,,67.0,24.0,43.0
九州,,107.0,95.0,12.0
第１３表,,,,
総数,,7125.0,7626.0,-501.0
北海道,,42.0,76.0,-34.0
北海道,,39.0,60.0,-21.0
北海道,,2.0,2.0,0.0
北海道,,1.0,2.0,-1.0
北海道,,0.0,8.0,-8.0
北海道,,0.0,4.0,-4.0
東北,,137.0,122.0,15.0
東北,,6.0,5.0,1.0
東北,,26.0,22.0,4.0
東北,,59.0,56.0,3.0
東北,,11.0,2.0,9.0
東北,,18.0,10.0,8.0
東北,,17.0,27.0,-10.0
東京都,,2321.0,2426.0,-105.0
関東,,2733.0,3135.0,-402.0
関東,,483.0,681.0,-198.0
関東,,123.0,161.0,-38.0
関東,,290.0,360.0,-70.0
関東,,662.0,657.0,5.0
関東,,492.0,549.0,-57.0
関東,,380.0,465.0,-85.0
関東,,31.0,38.0,-7.0
関東,,46.0,38.0,8.0
関東,,79.0,63.0,16.0
関東,,147.0,123.0,24.0
中部,,849.0,941.0,-92.0
中部,,42.0,28.0,14.0
中部,,23.0,32.0,-9.0
中部,,28.0,25.0,3.0
中部,,62.0,78.0,-16.0
中部,,609.0,690.0,-81.0
中部,,85.0,88.0,-3.0
近畿,,690.0,617.0,73.0
近畿,,16.0,27.0,-11.0
近畿,,48.0,53.0,-5.0
近畿,,430.0,364.0,66.0
近畿,,163.0,152.0,11.0
近畿,,28.0,14.0,14.0
近畿,,5.0,7.0,-2.0
中国,,99.0,106.0,-7.0
中国,,5.0,11.0,-6.0
中国,,3.0,3.0,0.0
中国,,28.0,20.0,8.0
中国,,44.0,40.0,4.0
中国,,19.0,32.0,-13.0
四国,,29.0,23.0,6.0
四国,,2.0,3.0,-1.0
四国,,15.0,16.0,-1.0
四国,,10.0,2.0,8.0
四国,,2.0,2.0,0.0
九州,,225.0,180.0,45.0
九州,,109.0,102.0,7.0
九州,,22.0,2.0,20.0
九州,,3.0,6.0,-3.0
九州,,10.0,19.0,-9.0
九州,,20.0,10.0,10.0
九州,,2.0,5.0,-3.0
九州,,14.0,6.0,8.0
九州,,45.0,30.0,15.0
注 自動車の運転により人を死傷させる行為等の処罰に関する法律及び交通法令違反を除く。,,,,
第１４表,,,,
刑法犯計,7282.0,9651.0,-2369.0,-24.5
殺人,31.0,36.0,-5.0,-13.9
強盗,79.0,88.0,-9.0,-10.2
放火,2.0,10.0,-8.0,-80.0
不同意性交等,39.0,30.0,9.0,30.0
凶器準備集合,7.0,7.0,0.0,0.0
暴行,351.0,400.0,-49.0,-12.3
傷害,664.0,798.0,-134.0,-16.8
脅迫,248.0,251.0,-3.0,-1.2
恐喝,285.0,320.0,-35.0,-10.9
窃盗,3177.0,4976.0,-1799.0,-36.2
詐欺,1389.0,1634.0,-245.0,-15.0
賭博,54.0,66.0,-12.0,-18.2
わいせつ物頒布等,0.0,3.0,-3.0,-100.0
公務執行妨害,90.0,103.0,-13.0,-12.6
犯人蔵匿,36.0,25.0,11.0,44.0
証人威迫,6.0,3.0,3.0,100.0
逮捕監禁,53.0,42.0,11.0,26.2
信用毀損・威力業務妨害,27.0,20.0,7.0,35.0
器物損壊等,122.0,171.0,-49.0,-28.7
暴力行為,2.0,5.0,-3.0,-60.0
その他,620.0,663.0,-43.0,-6.5
総数 注）,11134.0,13884.0,-2750.0,-19.8
注　第１４表の刑法犯計と第１５表の特別法犯計の合計数である。,,,,
第１５表,,,,
特別法犯計　　　注１,3852.0,4233.0,-381.0,-9.0
入管法,15.0,23.0,-8.0,-34.8
軽犯罪法,42.0,52.0,-10.0,-19.2
酩酊者規制法,2.0,0.0,2.0,0.0
迷惑防止条例,37.0,78.0,-41.0,-52.6
暴力団員不当行為防止法,11.0,8.0,3.0,37.5
暴力団排除条例,33.0,53.0,-20.0,-37.7
自転車競技法,0.0,0.0,0.0,0.0
競馬法,0.0,0.0,0.0,0.0
モーターボート競走法,1.0,9.0,-8.0,-88.9
小型自動車競走法,0.0,0.0,0.0,0.0
風営適正化法,60.0,75.0,-15.0,-20.0
売春防止法,15.0,11.0,4.0,36.4
児童福祉法,7.0,7.0,0.0,0.0
青少年保護育成条例,7.0,8.0,-1.0,-12.5
出資法,8.0,12.0,-4.0,-33.3
貸金業法,7.0,13.0,-6.0,-46.2
宅地建物取引業法,3.0,3.0,0.0,0.0
建設業法,10.0,3.0,7.0,233.3
銃刀法,62.0,62.0,0.0,0.0
火薬類取締法,4.0,2.0,2.0,100.0
麻薬等取締法,1001.0,250.0,751.0,300.4
あへん法,1.0,1.0,0.0,0.0
大麻草栽培規制法　　注２,23.0,757.0,-734.0,-97.0
覚醒剤取締法,2100.0,2389.0,-289.0,-12.1
毒物及び劇物取締法,7.0,14.0,-7.0,-50.0
廃棄物処理法,17.0,36.0,-19.0,-52.8
労働基準法,3.0,5.0,-2.0,-40.0
職業安定法,24.0,13.0,11.0,84.6
健康保険法,0.0,0.0,0.0,0.0
労働者派遣法,2.0,4.0,-2.0,-50.0
旅券法,2.0,1.0,1.0,100.0
麻薬等特例法,154.0,103.0,51.0,49.5
その他,194.0,241.0,-47.0,-19.5
注１　自動車の運転により人を死傷させる行為等の処罰に関する法律及び交通法令違反を除く。,,,,
注２　2024年の大麻草栽培規制法の数値には、大麻取締法の数値を含む。,,,,
,,,,
